{"nodes":{"node:1":{"location":{"x":200,"y":-300}},"node:4":{"location":{"x":210,"y":60}}},"selection":null,"view":{"scroll":{"x":-81.097686767578125,"y":-405.9847412109375},"visible_rect":{"max":{"x":569.21148681640625,"y":150.45001220703125},"min":{"x":-64.2114105224609375,"y":-321.45001220703125}},"zoom":1.26297938823699951}}